{
  "frontier_number": [
    81,
    11,
    15,
    7,
    23,
    18,
    6,
    16,
    13,
    14,
    11,
    11,
    10,
    9,
    41,
    63,
    23,
    12,
    11,
    11,
    8
  ],
  "exploration_number": 19,
  "frontier_exploration_time_s": [
    0.19098615646362305,
    0.35926008224487305,
    0.37930727005004883,
    0.5314559936523438,
    0.6673824787139893,
    0.8046963214874268,
    0.861321210861206,
    0.7308635711669922,
    1.1214814186096191,
    1.3966057300567627,
    1.0021734237670898,
    1.152599573135376,
    0.9767661094665527,
    1.0390963554382324,
    1.129310131072998,
    1.1667006015777588,
    1.167759656906128,
    1.0844128131866455,
    1.0818188190460205,
    1.1606240272521973,
    1.1785976886749268
  ],
  "path_length_cells": [
    54,
    53,
    52,
    55,
    97,
    58,
    53,
    61,
    55,
    53,
    56,
    56,
    51,
    59,
    54,
    54,
    53,
    56,
    53,
    0,
    0
  ],
  "path_length_m": [
    5.4,
    5.300000000000001,
    5.2,
    5.5,
    9.700000000000001,
    5.800000000000001,
    5.300000000000001,
    6.1000000000000005,
    5.5,
    5.300000000000001,
    5.6000000000000005,
    5.6000000000000005,
    5.1000000000000005,
    5.9,
    5.4,
    5.4,
    5.300000000000001,
    5.6000000000000005,
    5.300000000000001,
    0.0,
    0.0
  ],
  "exploration_success": 0.6671578627131949,
  "boundary_unknown_ratio": 0.33284213728680506,
  "exploration_all_time": 456.1669485569,
  "timestamp": "20251110_172436"
}