{
  "frontier_number": [
    33,
    2,
    6,
    1,
    15,
    9,
    12,
    7,
    19,
    0,
    0,
    0
  ],
  "exploration_number": 9,
  "frontier_exploration_time_s": [
    0.16445112228393555,
    0.046591758728027344,
    0.14371085166931152,
    0.05054473876953125,
    0.23088693618774414,
    0.18987679481506348,
    0.26778507232666016,
    0.16895174980163574,
    0.32050657272338867,
    0.02808070182800293,
    0.03411412239074707,
    0.03071117401123047
  ],
  "path_length_cells": [
    55,
    54,
    54,
    54,
    56,
    53,
    59,
    54,
    59
  ],
  "path_length_m": [
    5.5,
    5.4,
    5.4,
    5.4,
    5.6000000000000005,
    5.300000000000001,
    5.9,
    5.4,
    5.9
  ],
  "exploration_success": 0.9996953210010882,
  "boundary_unknown_ratio": 0.00030467899891186074,
  "exploration_all_time": 331.902704000473,
  "timestamp": "20251111_132600"
}