{
  "frontier_number": [
    33,
    4,
    6,
    4,
    19,
    14,
    19,
    13,
    14,
    3,
    1,
    1
  ],
  "exploration_number": 9,
  "frontier_exploration_time_s": [
    0.14889240264892578,
    0.02479100227355957,
    0.01758885383605957,
    0.03354167938232422,
    0.06880688667297363,
    0.04997754096984863,
    0.09150362014770508,
    0.0597834587097168,
    0.047927141189575195,
    0.03701329231262207,
    0.032419681549072266,
    0.035170793533325195
  ],
  "path_length_cells": [
    55,
    54,
    53,
    56,
    51,
    54,
    58,
    52,
    54,
    0,
    0,
    0
  ],
  "path_length_m": [
    5.5,
    5.4,
    5.300000000000001,
    5.6000000000000005,
    5.1000000000000005,
    5.4,
    5.800000000000001,
    5.2,
    5.4,
    0.0,
    0.0,
    0.0
  ],
  "exploration_success": 0.9998767634228141,
  "boundary_unknown_ratio": 0.00012323657718598893,
  "exploration_all_time": 326.3918089866638,
  "timestamp": "20251110_230251"
}