{
  "frontier_number": [
    33,
    4,
    6,
    3,
    13,
    5,
    17,
    20,
    18,
    2,
    1,
    1
  ],
  "exploration_number": 9,
  "frontier_exploration_time_s": [
    0.14911413192749023,
    0.01507425308227539,
    0.02756500244140625,
    0.021543502807617188,
    0.062131404876708984,
    0.04478263854980469,
    0.04700279235839844,
    0.05723881721496582,
    0.06905674934387207,
    0.03511404991149902,
    0.029050588607788086,
    0.036499738693237305
  ],
  "path_length_cells": [
    55,
    54,
    54,
    56,
    53,
    55,
    57,
    52,
    52,
    0,
    0,
    0
  ],
  "path_length_m": [
    5.5,
    5.4,
    5.4,
    5.6000000000000005,
    5.300000000000001,
    5.5,
    5.7,
    5.2,
    5.2,
    0.0,
    0.0,
    0.0
  ],
  "exploration_success": 0.9997603688607893,
  "boundary_unknown_ratio": 0.00023963113921071495,
  "exploration_all_time": 328.8821964263916,
  "timestamp": "20251110_230938"
}