{
  "frontier_number": [
    33,
    3,
    6,
    4,
    18,
    10,
    12,
    14,
    26,
    3,
    1,
    1
  ],
  "exploration_number": 9,
  "frontier_exploration_time_s": [
    0.18871212005615234,
    0.0629112720489502,
    0.11124539375305176,
    0.10197615623474121,
    0.23557329177856445,
    0.20214176177978516,
    0.190199613571167,
    0.23353028297424316,
    0.27294349670410156,
    0.14073872566223145,
    0.06438922882080078,
    0.0704045295715332
  ],
  "path_length_cells": [
    55,
    54,
    53,
    55,
    54,
    53,
    59,
    52,
    59,
    0,
    0,
    0
  ],
  "path_length_m": [
    5.5,
    5.4,
    5.300000000000001,
    5.5,
    5.4,
    5.300000000000001,
    5.9,
    5.2,
    5.9,
    0.0,
    0.0,
    0.0
  ],
  "exploration_success": 0.9996988192572969,
  "boundary_unknown_ratio": 0.00030118074270314715,
  "exploration_all_time": 324.04681372642517,
  "timestamp": "20251111_012837"
}