{
  "frontier_number": [
    33,
    2,
    6,
    2,
    18,
    10,
    17,
    11,
    13,
    2,
    2,
    2
  ],
  "exploration_number": 9,
  "frontier_exploration_time_s": [
    0.21221184730529785,
    0.04467654228210449,
    0.11673521995544434,
    0.07976198196411133,
    0.20963597297668457,
    0.19174528121948242,
    0.1882176399230957,
    0.1960160732269287,
    0.27801966667175293,
    0.12978410720825195,
    0.15650367736816406,
    0.12427425384521484
  ],
  "path_length_cells": [
    55,
    54,
    53,
    56,
    52,
    52,
    59,
    52,
    53,
    0,
    52,
    56
  ],
  "path_length_m": [
    5.5,
    5.4,
    5.300000000000001,
    5.6000000000000005,
    5.2,
    5.2,
    5.9,
    5.2,
    5.300000000000001,
    0.0,
    5.2,
    5.6000000000000005
  ],
  "exploration_success": 0.9995150422606031,
  "boundary_unknown_ratio": 0.0004849577393969954,
  "exploration_all_time": 330.4622688293457,
  "timestamp": "20251111_014112"
}