{
  "frontier_number": [
    33,
    1,
    8,
    4,
    25,
    7,
    11,
    8,
    22,
    7,
    0,
    0,
    0
  ],
  "exploration_number": 10,
  "frontier_exploration_time_s": [
    0.1707162857055664,
    0.04327130317687988,
    0.106536865234375,
    0.11545348167419434,
    0.25051093101501465,
    0.20908021926879883,
    0.2109231948852539,
    0.23777532577514648,
    0.31226325035095215,
    0.28430819511413574,
    0.03388810157775879,
    0.027972698211669922,
    0.02561783790588379
  ],
  "path_length_cells": [
    55,
    53,
    51,
    55,
    61,
    52,
    58,
    53,
    59,
    55
  ],
  "path_length_m": [
    5.5,
    5.300000000000001,
    5.1000000000000005,
    5.5,
    6.1000000000000005,
    5.2,
    5.800000000000001,
    5.300000000000001,
    5.9,
    5.5
  ],
  "exploration_success": 0.9999073009751938,
  "boundary_unknown_ratio": 9.269902480625904e-05,
  "exploration_all_time": 332.14980483055115,
  "timestamp": "20251111_012217"
}