{
  "frontier_number": [
    33,
    3,
    7,
    4,
    20,
    7,
    12,
    8,
    17,
    0,
    0,
    0
  ],
  "exploration_number": 9,
  "frontier_exploration_time_s": [
    0.23003458976745605,
    0.03907155990600586,
    0.11046171188354492,
    0.10232234001159668,
    0.20377278327941895,
    0.18107128143310547,
    0.19038629531860352,
    0.2215280532836914,
    0.27986955642700195,
    0.025768518447875977,
    0.026998043060302734,
    0.02298593521118164
  ],
  "path_length_cells": [
    55,
    54,
    53,
    55,
    54,
    53,
    58,
    54,
    58
  ],
  "path_length_m": [
    5.5,
    5.4,
    5.300000000000001,
    5.5,
    5.4,
    5.300000000000001,
    5.800000000000001,
    5.4,
    5.800000000000001
  ],
  "exploration_success": 0.9998595352398988,
  "boundary_unknown_ratio": 0.00014046476010116314,
  "exploration_all_time": 329.01842212677,
  "timestamp": "20251111_013454"
}