{
  "frontier_number": [
    12,
    22,
    22,
    9,
    2,
    6,
    1,
    19,
    28,
    42,
    20,
    5,
    2,
    3,
    0,
    0,
    0
  ],
  "exploration_number": 14,
  "frontier_exploration_time_s": [
    0.12118077278137207,
    0.26651716232299805,
    0.26685571670532227,
    0.20927023887634277,
    0.07082366943359375,
    0.18897294998168945,
    0.0444185733795166,
    0.23840856552124023,
    0.31800079345703125,
    0.4227299690246582,
    0.4145541191101074,
    0.2865149974822998,
    0.13507843017578125,
    0.15964579582214355,
    0.03325915336608887,
    0.030872821807861328,
    0.024110078811645508
  ],
  "path_length_cells": [
    68,
    55,
    64,
    57,
    55,
    53,
    51,
    57,
    52,
    57,
    54,
    54,
    53,
    56
  ],
  "path_length_m": [
    6.800000000000001,
    5.5,
    6.4,
    5.7,
    5.5,
    5.300000000000001,
    5.1000000000000005,
    5.7,
    5.2,
    5.7,
    5.4,
    5.4,
    5.300000000000001,
    5.6000000000000005
  ],
  "exploration_success": 0.9999094971261503,
  "boundary_unknown_ratio": 9.050287384973149e-05,
  "exploration_all_time": 460.52526593208313,
  "timestamp": "20251111_011137"
}