{
  "frontier_number": [
    12,
    10,
    18,
    7,
    2,
    1,
    15,
    11,
    40,
    20,
    2,
    1,
    0,
    0,
    0
  ],
  "exploration_number": 12,
  "frontier_exploration_time_s": [
    0.09426546096801758,
    0.20107078552246094,
    0.20081424713134766,
    0.1923527717590332,
    0.06382036209106445,
    0.0749976634979248,
    0.22946643829345703,
    0.2421255111694336,
    0.3880922794342041,
    0.25976014137268066,
    0.13431835174560547,
    0.07864618301391602,
    0.02610015869140625,
    0.03669452667236328,
    0.05323076248168945
  ],
  "path_length_cells": [
    68,
    55,
    62,
    56,
    52,
    56,
    58,
    60,
    56,
    61,
    52,
    55
  ],
  "path_length_m": [
    6.800000000000001,
    5.5,
    6.2,
    5.6000000000000005,
    5.2,
    5.6000000000000005,
    5.800000000000001,
    6.0,
    5.6000000000000005,
    6.1000000000000005,
    5.2,
    5.5
  ],
  "exploration_success": 0.9977713641511219,
  "boundary_unknown_ratio": 0.0022286358488781406,
  "exploration_all_time": 406.161669254303,
  "timestamp": "20251111_005624"
}