{
  "frontier_number": [
    12,
    36,
    35,
    12,
    6,
    7,
    40,
    23,
    28,
    23,
    2,
    3,
    1,
    0,
    0,
    0
  ],
  "exploration_number": 13,
  "frontier_exploration_time_s": [
    0.15365290641784668,
    0.29717493057250977,
    0.2881326675415039,
    0.2261490821838379,
    0.2024688720703125,
    0.19218182563781738,
    0.25641322135925293,
    0.2939777374267578,
    0.3304719924926758,
    0.3499412536621094,
    0.12563085556030273,
    0.20520758628845215,
    0.08267641067504883,
    0.027844905853271484,
    0.03383207321166992,
    0.045403480529785156
  ],
  "path_length_cells": [
    68,
    55,
    62,
    58,
    53,
    51,
    54,
    61,
    56,
    53,
    53,
    53,
    56
  ],
  "path_length_m": [
    6.800000000000001,
    5.5,
    6.2,
    5.800000000000001,
    5.300000000000001,
    5.1000000000000005,
    5.4,
    6.1000000000000005,
    5.6000000000000005,
    5.300000000000001,
    5.300000000000001,
    5.300000000000001,
    5.6000000000000005
  ],
  "exploration_success": 0.9999304784869256,
  "boundary_unknown_ratio": 6.952151307438955e-05,
  "exploration_all_time": 417.1907248497009,
  "timestamp": "20251111_004902"
}