{
  "frontier_number": [
    12,
    28,
    19,
    11,
    2,
    7,
    23,
    26,
    32,
    17,
    5,
    5,
    4,
    4,
    4
  ],
  "exploration_number": 12,
  "frontier_exploration_time_s": [
    0.13554763793945312,
    0.20374059677124023,
    0.17856264114379883,
    0.21402645111083984,
    0.10286903381347656,
    0.18283557891845703,
    0.24606084823608398,
    0.23409605026245117,
    0.31943678855895996,
    0.3487234115600586,
    0.2912924289703369,
    0.283022403717041,
    0.19087719917297363,
    0.17389893531799316,
    0.18817353248596191
  ],
  "path_length_cells": [
    68,
    55,
    66,
    56,
    55,
    52,
    58,
    54,
    55,
    53,
    52,
    53,
    0,
    54,
    54
  ],
  "path_length_m": [
    6.800000000000001,
    5.5,
    6.6000000000000005,
    5.6000000000000005,
    5.5,
    5.2,
    5.800000000000001,
    5.4,
    5.5,
    5.300000000000001,
    5.2,
    5.300000000000001,
    0.0,
    5.4,
    5.4
  ],
  "exploration_success": 0.9998660512522675,
  "boundary_unknown_ratio": 0.00013394874773258513,
  "exploration_all_time": 383.0889754295349,
  "timestamp": "20251111_004044"
}