{
  "frontier_number": [
    33,
    4,
    12,
    1,
    14,
    3,
    14,
    7,
    15,
    10,
    12,
    2,
    0,
    0
  ],
  "exploration_number": 11,
  "frontier_exploration_time_s": [
    0.2342853546142578,
    0.0684814453125,
    0.14050745964050293,
    0.044975996017456055,
    0.1963176727294922,
    0.14794111251831055,
    0.19966816902160645,
    0.19525980949401855,
    0.21033143997192383,
    0.23700833320617676,
    0.288804292678833,
    0.1251375675201416,
    0.03384804725646973,
    0.029675722122192383
  ],
  "path_length_cells": [
    55,
    53,
    56,
    58,
    55,
    54,
    58,
    52,
    53,
    56,
    52,
    0
  ],
  "path_length_m": [
    5.5,
    5.300000000000001,
    5.6000000000000005,
    5.800000000000001,
    5.5,
    5.4,
    5.800000000000001,
    5.2,
    5.300000000000001,
    5.6000000000000005,
    5.2,
    0.0
  ],
  "exploration_success": 0.9905964979962227,
  "boundary_unknown_ratio": 0.009403502003777235,
  "exploration_all_time": 358.6363089084625,
  "timestamp": "20251111_020034"
}