{
  "frontier_number": [
    33,
    2,
    17,
    2,
    12,
    9,
    27,
    18,
    10,
    15,
    16,
    4,
    0,
    0
  ],
  "exploration_number": 11,
  "frontier_exploration_time_s": [
    0.1889340877532959,
    0.040271759033203125,
    0.14614582061767578,
    0.06036019325256348,
    0.19393157958984375,
    0.21056532859802246,
    0.25910210609436035,
    0.19112730026245117,
    0.2057967185974121,
    0.24075984954833984,
    0.28994083404541016,
    0.22864770889282227,
    0.03308892250061035,
    0.0351564884185791
  ],
  "path_length_cells": [
    55,
    54,
    55,
    55,
    58,
    53,
    54,
    67,
    61,
    56,
    59,
    0
  ],
  "path_length_m": [
    5.5,
    5.4,
    5.5,
    5.5,
    5.800000000000001,
    5.300000000000001,
    5.4,
    6.7,
    6.1000000000000005,
    5.6000000000000005,
    5.9,
    0.0
  ],
  "exploration_success": 0.9996449809821611,
  "boundary_unknown_ratio": 0.00035501901783879813,
  "exploration_all_time": 370.98847579956055,
  "timestamp": "20251111_020819"
}