{
  "frontier_number": [
    33,
    3,
    11,
    7,
    16,
    23,
    8,
    19,
    9,
    34,
    1,
    1,
    1
  ],
  "exploration_number": 10,
  "frontier_exploration_time_s": [
    0.22504472732543945,
    0.0766305923461914,
    0.12581324577331543,
    0.18233323097229004,
    0.26221752166748047,
    0.22161579132080078,
    0.2271130084991455,
    0.3083689212799072,
    0.2816615104675293,
    0.3619844913482666,
    0.09885787963867188,
    0.0929408073425293,
    0.09559321403503418
  ],
  "path_length_cells": [
    55,
    53,
    59,
    59,
    58,
    52,
    56,
    59,
    53,
    53,
    0,
    0,
    0
  ],
  "path_length_m": [
    5.5,
    5.300000000000001,
    5.9,
    5.9,
    5.800000000000001,
    5.2,
    5.6000000000000005,
    5.9,
    5.300000000000001,
    5.300000000000001,
    0.0,
    0.0,
    0.0
  ],
  "exploration_success": 0.9950131364276277,
  "boundary_unknown_ratio": 0.0049868635723723,
  "exploration_all_time": 370.0782079696655,
  "timestamp": "20251111_215606"
}