{
  "frontier_number": [
    33,
    4,
    7,
    7,
    15,
    8,
    19,
    12,
    26,
    5,
    4,
    1,
    1
  ],
  "exploration_number": 10,
  "frontier_exploration_time_s": [
    0.1261897087097168,
    0.016721010208129883,
    0.05053114891052246,
    0.032094717025756836,
    0.05070209503173828,
    0.07426953315734863,
    0.06398487091064453,
    0.058701515197753906,
    0.10541009902954102,
    0.05069375038146973,
    0.03223371505737305,
    0.03737044334411621,
    0.047905683517456055
  ],
  "path_length_cells": [
    55,
    53,
    52,
    55,
    53,
    53,
    57,
    53,
    58,
    55,
    0,
    0,
    0
  ],
  "path_length_m": [
    5.5,
    5.300000000000001,
    5.2,
    5.5,
    5.300000000000001,
    5.300000000000001,
    5.7,
    5.300000000000001,
    5.800000000000001,
    5.5,
    0.0,
    0.0,
    0.0
  ],
  "exploration_success": 0.9997570113969493,
  "boundary_unknown_ratio": 0.0002429886030506827,
  "exploration_all_time": 359.0195586681366,
  "timestamp": "20251110_231618"
}