{
  "frontier_number": [
    12,
    21,
    19,
    13,
    2,
    7,
    20,
    22,
    24,
    9,
    4,
    0,
    1,
    1
  ],
  "exploration_number": 11,
  "frontier_exploration_time_s": [
    0.12572503089904785,
    0.16896986961364746,
    0.1939411163330078,
    0.24561762809753418,
    0.09325146675109863,
    0.16591191291809082,
    0.18453574180603027,
    0.3151853084564209,
    0.252269983291626,
    0.2343142032623291,
    0.24672412872314453,
    0.026577234268188477,
    0.06100344657897949,
    0.10748100280761719
  ],
  "path_length_cells": [
    68,
    56,
    63,
    59,
    54,
    52,
    57,
    54,
    59,
    55,
    54,
    0,
    0
  ],
  "path_length_m": [
    6.800000000000001,
    5.6000000000000005,
    6.300000000000001,
    5.9,
    5.4,
    5.2,
    5.7,
    5.4,
    5.9,
    5.5,
    5.4,
    0.0,
    0.0
  ],
  "exploration_success": 0.7564711403483494,
  "boundary_unknown_ratio": 0.24352885965165055,
  "exploration_all_time": 378.9735219478607,
  "timestamp": "20251111_010321"
}