{
  "frontier_number": [
    33,
    3,
    7,
    5,
    8,
    15,
    4,
    13,
    10,
    18,
    5,
    3,
    1
  ],
  "exploration_number": 11,
  "frontier_exploration_time_s": [
    0.17813777923583984,
    0.04393625259399414,
    0.08292198181152344,
    0.1261909008026123,
    0.19078969955444336,
    0.17504429817199707,
    0.14182066917419434,
    0.18079900741577148,
    0.2603883743286133,
    0.22381162643432617,
    0.2690448760986328,
    0.16861820220947266,
    0.06364583969116211
  ],
  "path_length_cells": [
    55,
    54,
    56,
    59,
    57,
    51,
    55,
    56,
    54,
    56,
    53,
    0,
    0
  ],
  "path_length_m": [
    5.5,
    5.4,
    5.6000000000000005,
    5.9,
    5.7,
    5.1000000000000005,
    5.5,
    5.6000000000000005,
    5.4,
    5.6000000000000005,
    5.300000000000001,
    0.0,
    0.0
  ],
  "exploration_success": 0.9995364842219083,
  "boundary_unknown_ratio": 0.0004635157780916393,
  "exploration_all_time": 372.23717498779297,
  "timestamp": "20251111_100538"
}