{
  "frontier_number": [
    33,
    3,
    5,
    8,
    6,
    21,
    19,
    24,
    12,
    9
  ],
  "exploration_number": 8,
  "frontier_exploration_time_s": [
    0.17005085945129395,
    0.06603527069091797,
    0.11749124526977539,
    0.14628124237060547,
    0.17969512939453125,
    0.2325150966644287,
    0.22105646133422852,
    0.2724120616912842,
    0.2369544506072998,
    0.20317864418029785
  ],
  "path_length_cells": [
    55,
    54,
    57,
    59,
    54,
    56,
    58,
    56,
    0,
    0
  ],
  "path_length_m": [
    5.5,
    5.4,
    5.7,
    5.9,
    5.4,
    5.6000000000000005,
    5.800000000000001,
    5.6000000000000005,
    0.0,
    0.0
  ],
  "exploration_success": 0.5725028561188146,
  "boundary_unknown_ratio": 0.4274971438811855,
  "exploration_all_time": 297.8956208229065,
  "timestamp": "20251111_105134"
}