{
  "frontier_number": [
    33,
    6,
    7,
    4,
    28,
    12,
    16,
    13,
    16,
    2,
    1,
    1
  ],
  "exploration_number": 9,
  "frontier_exploration_time_s": [
    0.19089579582214355,
    0.061131954193115234,
    0.12458348274230957,
    0.10815024375915527,
    0.20082950592041016,
    0.19242262840270996,
    0.16683220863342285,
    0.2520136833190918,
    0.2662656307220459,
    0.11170792579650879,
    0.09350872039794922,
    0.08424210548400879
  ],
  "path_length_cells": [
    55,
    54,
    53,
    56,
    54,
    54,
    58,
    52,
    53,
    0,
    0,
    0
  ],
  "path_length_m": [
    5.5,
    5.4,
    5.300000000000001,
    5.6000000000000005,
    5.4,
    5.4,
    5.800000000000001,
    5.2,
    5.300000000000001,
    0.0,
    0.0,
    0.0
  ],
  "exploration_success": 0.9997666497541259,
  "boundary_unknown_ratio": 0.00023335024587408935,
  "exploration_all_time": 332.9675214290619,
  "timestamp": "20251111_014718"
}