{
  "frontier_number": [
    12,
    17,
    27,
    15,
    1,
    2,
    2
  ],
  "exploration_number": 4,
  "frontier_exploration_time_s": [
    0.12150263786315918,
    0.25048065185546875,
    0.17376375198364258,
    0.18765497207641602,
    0.042556047439575195,
    0.07108545303344727,
    0.06961369514465332
  ],
  "path_length_cells": [
    68,
    53,
    65,
    57,
    0,
    53,
    53
  ],
  "path_length_m": [
    6.800000000000001,
    5.300000000000001,
    6.5,
    5.7,
    0.0,
    5.300000000000001,
    5.300000000000001
  ],
  "exploration_success": 0.5644465950149932,
  "boundary_unknown_ratio": 0.43555340498500683,
  "exploration_all_time": 133.14405369758606,
  "timestamp": "20251111_111611"
}