{
  "frontier_number": [
    12,
    23,
    37,
    5,
    2,
    3,
    18,
    33,
    25,
    30,
    5,
    4,
    4,
    1,
    1,
    1
  ],
  "exploration_number": 13,
  "frontier_exploration_time_s": [
    0.13191461563110352,
    0.2640538215637207,
    0.26318931579589844,
    0.15444564819335938,
    0.06771373748779297,
    0.10723400115966797,
    0.20241045951843262,
    0.343106746673584,
    0.28533220291137695,
    0.3803129196166992,
    0.27744221687316895,
    0.2563667297363281,
    0.17340445518493652,
    0.06287455558776855,
    0.07974743843078613,
    0.08878111839294434
  ],
  "path_length_cells": [
    68,
    54,
    67,
    56,
    55,
    52,
    58,
    51,
    54,
    52,
    55,
    53,
    52,
    0,
    0,
    0
  ],
  "path_length_m": [
    6.800000000000001,
    5.4,
    6.7,
    5.6000000000000005,
    5.5,
    5.2,
    5.800000000000001,
    5.1000000000000005,
    5.4,
    5.2,
    5.5,
    5.300000000000001,
    5.2,
    0.0,
    0.0,
    0.0
  ],
  "exploration_success": 0.999821758566857,
  "boundary_unknown_ratio": 0.00017824143314307256,
  "exploration_all_time": 398.5422148704529,
  "timestamp": "20251111_112333"
}