{
  "frontier_number": [
    12,
    34,
    38,
    20,
    3,
    17,
    53,
    54,
    27,
    4,
    2,
    1,
    0,
    0,
    0
  ],
  "exploration_number": 12,
  "frontier_exploration_time_s": [
    0.18749237060546875,
    0.23610854148864746,
    0.3580739498138428,
    0.20159077644348145,
    0.11714911460876465,
    0.1797351837158203,
    0.4955601692199707,
    0.5071887969970703,
    0.27566051483154297,
    0.23796296119689941,
    0.1016542911529541,
    0.0891420841217041,
    0.03603649139404297,
    0.028532981872558594,
    0.031038522720336914
  ],
  "path_length_cells": [
    68,
    56,
    63,
    57,
    54,
    56,
    58,
    55,
    53,
    55,
    53,
    58
  ],
  "path_length_m": [
    6.800000000000001,
    5.6000000000000005,
    6.300000000000001,
    5.7,
    5.4,
    5.6000000000000005,
    5.800000000000001,
    5.5,
    5.300000000000001,
    5.5,
    5.300000000000001,
    5.800000000000001
  ],
  "exploration_success": 0.7747046326794056,
  "boundary_unknown_ratio": 0.22529536732059438,
  "exploration_all_time": 374.44774532318115,
  "timestamp": "20251111_110624"
}