{
  "frontier_number": [
    12,
    22,
    36,
    14,
    16,
    22,
    35,
    35,
    9,
    10,
    10
  ],
  "exploration_number": 8,
  "frontier_exploration_time_s": [
    0.12851428985595703,
    0.3179013729095459,
    0.3722803592681885,
    0.2929251194000244,
    0.15278172492980957,
    0.1884138584136963,
    0.31008410453796387,
    0.36701273918151855,
    0.2683980464935303,
    0.2899284362792969,
    0.3025500774383545
  ],
  "path_length_cells": [
    68,
    54,
    66,
    52,
    52,
    54,
    67,
    52,
    0,
    53,
    53
  ],
  "path_length_m": [
    6.800000000000001,
    5.4,
    6.6000000000000005,
    5.2,
    5.2,
    5.4,
    6.7,
    5.2,
    0.0,
    5.300000000000001,
    5.300000000000001
  ],
  "exploration_success": 0.6981689210135588,
  "boundary_unknown_ratio": 0.3018310789864413,
  "exploration_all_time": 248.18281030654907,
  "timestamp": "20251111_112814"
}