{
  "frontier_number": [
    12,
    18,
    22,
    3,
    2,
    3,
    3
  ],
  "exploration_number": 4,
  "frontier_exploration_time_s": [
    0.11971879005432129,
    0.30389928817749023,
    0.1502971649169922,
    0.08925080299377441,
    0.06010699272155762,
    0.07715821266174316,
    0.07256484031677246
  ],
  "path_length_cells": [
    68,
    56,
    62,
    58,
    0,
    53,
    53
  ],
  "path_length_m": [
    6.800000000000001,
    5.6000000000000005,
    6.2,
    5.800000000000001,
    0.0,
    5.300000000000001,
    5.300000000000001
  ],
  "exploration_success": 0.5628948201287055,
  "boundary_unknown_ratio": 0.43710517987129444,
  "exploration_all_time": 132.3762321472168,
  "timestamp": "20251111_105924"
}