{
  "frontier_number": [
    33,
    2,
    17,
    5,
    14,
    5,
    23,
    17,
    10,
    6,
    10,
    3,
    0
  ],
  "exploration_number": 11,
  "frontier_exploration_time_s": [
    0.18759799003601074,
    0.011569738388061523,
    0.10026240348815918,
    0.042128562927246094,
    0.08738517761230469,
    0.03309297561645508,
    0.10487627983093262,
    0.07766914367675781,
    0.042588233947753906,
    0.044580698013305664,
    0.05528998374938965,
    0.03309154510498047,
    0.028228282928466797
  ],
  "path_length_cells": [
    55,
    54,
    55,
    54,
    52,
    55,
    51,
    51,
    59,
    59,
    57,
    0
  ],
  "path_length_m": [
    5.5,
    5.4,
    5.5,
    5.4,
    5.2,
    5.5,
    5.1000000000000005,
    5.1000000000000005,
    5.9,
    5.9,
    5.7,
    0.0
  ],
  "exploration_success": 0.9994743278594601,
  "boundary_unknown_ratio": 0.0005256721405398646,
  "exploration_all_time": 366.3982629776001,
  "timestamp": "20251110_210307"
}