{
  "frontier_number": [
    81,
    14,
    6,
    25,
    2,
    1,
    1
  ],
  "exploration_number": 5,
  "frontier_exploration_time_s": [
    0.23056507110595703,
    0.6868293285369873,
    0.4354512691497803,
    0.6172127723693848,
    0.8223679065704346,
    0.8375623226165771,
    0.7355456352233887
  ],
  "path_length_cells": [
    54,
    56,
    52,
    56,
    54,
    0,
    0
  ],
  "path_length_m": [
    5.4,
    5.6000000000000005,
    5.2,
    5.6000000000000005,
    5.4,
    0.0,
    0.0
  ],
  "exploration_success": 0.4698714864015687,
  "boundary_unknown_ratio": 0.5301285135984313,
  "exploration_all_time": 152.57006072998047,
  "timestamp": "20251110_165117"
}