{
  "frontier_number": [
    81,
    19,
    1,
    29,
    6,
    16,
    19,
    35,
    52,
    10,
    13,
    11,
    9,
    10,
    8,
    8
  ],
  "exploration_number": 13,
  "frontier_exploration_time_s": [
    0.22245097160339355,
    0.35508155822753906,
    0.5250487327575684,
    0.5749082565307617,
    0.7913188934326172,
    0.9354214668273926,
    1.1372902393341064,
    1.3257005214691162,
    1.6283056735992432,
    1.7650299072265625,
    1.8193438053131104,
    1.8988146781921387,
    1.749295711517334,
    1.6980912685394287,
    1.8362691402435303,
    1.3536021709442139
  ],
  "path_length_cells": [
    54,
    56,
    57,
    59,
    60,
    53,
    53,
    53,
    53,
    58,
    57,
    16,
    81,
    0,
    0,
    0
  ],
  "path_length_m": [
    5.4,
    5.6000000000000005,
    5.7,
    5.9,
    6.0,
    5.300000000000001,
    5.300000000000001,
    5.300000000000001,
    5.300000000000001,
    5.800000000000001,
    5.7,
    1.6,
    8.1,
    0.0,
    0.0,
    0.0
  ],
  "exploration_success": 0.6019574489517918,
  "boundary_unknown_ratio": 0.3980425510482082,
  "exploration_all_time": 321.61577558517456,
  "timestamp": "20251110_165727"
}