{
  "frontier_number": [
    22,
    9,
    18,
    3,
    5,
    6,
    17,
    32,
    22,
    32,
    9,
    50,
    56,
    3,
    2
  ],
  "exploration_number": 13,
  "frontier_exploration_time_s": [
    0.26131606101989746,
    0.45091891288757324,
    0.6837148666381836,
    0.8080043792724609,
    1.0874853134155273,
    1.1344218254089355,
    0.979029655456543,
    1.3399262428283691,
    1.677051305770874,
    1.9156851768493652,
    2.067979097366333,
    2.3038079738616943,
    2.7844717502593994,
    2.663553237915039,
    2.8407328128814697
  ],
  "path_length_cells": [
    53,
    55,
    56,
    59,
    52,
    55,
    52,
    52,
    52,
    59,
    52,
    57,
    61,
    0,
    0
  ],
  "path_length_m": [
    5.300000000000001,
    5.5,
    5.6000000000000005,
    5.9,
    5.2,
    5.5,
    5.2,
    5.2,
    5.2,
    5.9,
    5.2,
    5.7,
    6.1000000000000005,
    0.0,
    0.0
  ],
  "exploration_success": 0.7911856361709503,
  "boundary_unknown_ratio": 0.20881436382904975,
  "exploration_all_time": 383.6508572101593,
  "timestamp": "20251110_155001"
}