{
  "frontier_number": [
    22,
    9,
    37,
    9,
    1,
    3,
    19,
    56,
    19,
    16,
    33,
    44,
    11,
    31,
    12,
    22,
    4,
    4,
    1,
    35,
    29
  ],
  "exploration_number": 19,
  "frontier_exploration_time_s": [
    0.20271015167236328,
    0.41294407844543457,
    0.6937620639801025,
    0.7273378372192383,
    0.9044384956359863,
    0.9836075305938721,
    1.230137586593628,
    1.5256233215332031,
    1.5138463973999023,
    1.403550148010254,
    1.6820838451385498,
    1.5378882884979248,
    1.943070650100708,
    1.9056785106658936,
    2.311497449874878,
    2.3593499660491943,
    2.5784544944763184,
    2.348862886428833,
    2.2920725345611572,
    2.479593276977539,
    2.516951560974121
  ],
  "path_length_cells": [
    53,
    56,
    56,
    59,
    53,
    54,
    53,
    53,
    55,
    53,
    52,
    52,
    57,
    53,
    52,
    54,
    56,
    57,
    54,
    0,
    0
  ],
  "path_length_m": [
    5.300000000000001,
    5.6000000000000005,
    5.6000000000000005,
    5.9,
    5.300000000000001,
    5.4,
    5.300000000000001,
    5.300000000000001,
    5.5,
    5.300000000000001,
    5.2,
    5.2,
    5.7,
    5.300000000000001,
    5.2,
    5.4,
    5.6000000000000005,
    5.7,
    5.4,
    0.0,
    0.0
  ],
  "exploration_success": 0.9999130786025084,
  "boundary_unknown_ratio": 8.692139749155073e-05,
  "exploration_all_time": 536.1247665882111,
  "timestamp": "20251110_164651"
}