{
  "frontier_number": [
    22,
    12,
    10,
    6,
    19,
    3,
    24,
    12,
    27,
    43,
    29,
    18,
    20,
    28,
    18,
    1,
    1,
    22,
    22
  ],
  "exploration_number": 16,
  "frontier_exploration_time_s": [
    0.24851489067077637,
    0.4714009761810303,
    0.5754194259643555,
    0.5604727268218994,
    0.8996326923370361,
    1.004915475845337,
    1.128108263015747,
    1.2310903072357178,
    1.4644513130187988,
    1.9417181015014648,
    2.051042318344116,
    2.2768988609313965,
    2.2213971614837646,
    2.4176673889160156,
    2.67179536819458,
    2.4487955570220947,
    2.387629270553589,
    2.654719829559326,
    1.9476757049560547
  ],
  "path_length_cells": [
    53,
    55,
    56,
    58,
    55,
    54,
    55,
    58,
    54,
    55,
    56,
    56,
    55,
    56,
    55,
    54,
    0,
    0,
    0
  ],
  "path_length_m": [
    5.300000000000001,
    5.5,
    5.6000000000000005,
    5.800000000000001,
    5.5,
    5.4,
    5.5,
    5.800000000000001,
    5.4,
    5.5,
    5.6000000000000005,
    5.6000000000000005,
    5.5,
    5.6000000000000005,
    5.5,
    5.4,
    0.0,
    0.0,
    0.0
  ],
  "exploration_success": 0.9999274844985349,
  "boundary_unknown_ratio": 7.251550146511953e-05,
  "exploration_all_time": 497.47067284584045,
  "timestamp": "20251110_163724"
}