{
  "frontier_number": [
    22,
    22,
    29,
    5,
    10,
    1,
    23,
    35,
    31,
    58,
    16,
    10,
    16,
    1,
    4,
    6,
    5,
    5,
    4,
    37,
    29,
    29
  ],
  "exploration_number": 19,
  "frontier_exploration_time_s": [
    0.2796609401702881,
    0.44730329513549805,
    0.7129766941070557,
    0.7441198825836182,
    0.8705389499664307,
    0.9638032913208008,
    1.1191108226776123,
    1.1970775127410889,
    1.3429601192474365,
    1.5536777973175049,
    1.8963687419891357,
    1.7469773292541504,
    2.157914638519287,
    2.1304726600646973,
    2.290900230407715,
    2.4783740043640137,
    2.3533029556274414,
    2.6132798194885254,
    3.2611465454101562,
    1.9721956253051758,
    1.9613094329833984,
    1.9426772594451904
  ],
  "path_length_cells": [
    53,
    52,
    56,
    58,
    57,
    58,
    52,
    52,
    52,
    52,
    56,
    55,
    52,
    54,
    54,
    54,
    58,
    56,
    52,
    0,
    0,
    0
  ],
  "path_length_m": [
    5.300000000000001,
    5.2,
    5.6000000000000005,
    5.800000000000001,
    5.7,
    5.800000000000001,
    5.2,
    5.2,
    5.2,
    5.2,
    5.6000000000000005,
    5.5,
    5.2,
    5.4,
    5.4,
    5.4,
    5.800000000000001,
    5.6000000000000005,
    5.2,
    0.0,
    0.0,
    0.0
  ],
  "exploration_success": 0.9999402639719761,
  "boundary_unknown_ratio": 5.973602802385561e-05,
  "exploration_all_time": 497.12686371803284,
  "timestamp": "20251110_162813"
}