{
  "frontier_number": [
    12,
    18,
    25,
    11,
    3,
    4,
    30,
    37,
    39,
    33,
    6,
    2,
    2,
    0,
    0
  ],
  "exploration_number": 13,
  "frontier_exploration_time_s": [
    0.08511185646057129,
    0.05298662185668945,
    0.11240720748901367,
    0.05090594291687012,
    0.037988901138305664,
    0.027785062789916992,
    0.13518214225769043,
    0.13526701927185059,
    0.1618025302886963,
    0.13444185256958008,
    0.05127549171447754,
    0.028995037078857422,
    0.027513504028320312,
    0.032866716384887695,
    0.026767969131469727
  ],
  "path_length_cells": [
    68,
    53,
    66,
    56,
    55,
    53,
    57,
    52,
    56,
    51,
    53,
    52,
    52
  ],
  "path_length_m": [
    6.800000000000001,
    5.300000000000001,
    6.6000000000000005,
    5.6000000000000005,
    5.5,
    5.300000000000001,
    5.7,
    5.2,
    5.6000000000000005,
    5.1000000000000005,
    5.300000000000001,
    5.2,
    5.2
  ],
  "exploration_success": 0.9999095231717803,
  "boundary_unknown_ratio": 9.047682821977384e-05,
  "exploration_all_time": 390.324435710907,
  "timestamp": "20251110_233050"
}