{
  "frontier_number": [
    12,
    21,
    17,
    10,
    4,
    2,
    26,
    25,
    30,
    28,
    1,
    0,
    4,
    4
  ],
  "exploration_number": 11,
  "frontier_exploration_time_s": [
    0.06278467178344727,
    0.10746169090270996,
    0.08950471878051758,
    0.031612396240234375,
    0.0238187313079834,
    0.029475927352905273,
    0.0807795524597168,
    0.10066509246826172,
    0.12034177780151367,
    0.13739943504333496,
    0.026767969131469727,
    0.02512812614440918,
    0.04680919647216797,
    0.05323028564453125
  ],
  "path_length_cells": [
    68,
    55,
    66,
    55,
    53,
    52,
    58,
    57,
    54,
    60,
    53,
    0,
    0
  ],
  "path_length_m": [
    6.800000000000001,
    5.5,
    6.6000000000000005,
    5.5,
    5.300000000000001,
    5.2,
    5.800000000000001,
    5.7,
    5.4,
    6.0,
    5.300000000000001,
    0.0,
    0.0
  ],
  "exploration_success": 0.7734904902534481,
  "boundary_unknown_ratio": 0.2265095097465519,
  "exploration_all_time": 371.5900454521179,
  "timestamp": "20251110_234459"
}