{
  "frontier_number": [
    33,
    3,
    15,
    7,
    3,
    9,
    22,
    9,
    5,
    5
  ],
  "exploration_number": 7,
  "frontier_exploration_time_s": [
    0.21598052978515625,
    0.0641021728515625,
    0.20929813385009766,
    0.18639922142028809,
    0.06724333763122559,
    0.12466883659362793,
    0.1688060760498047,
    0.12680339813232422,
    0.1418907642364502,
    0.12980437278747559
  ],
  "path_length_cells": [
    55,
    53,
    52,
    58,
    53,
    58,
    56,
    0,
    0,
    0
  ],
  "path_length_m": [
    5.5,
    5.300000000000001,
    5.2,
    5.800000000000001,
    5.300000000000001,
    5.800000000000001,
    5.6000000000000005,
    0.0,
    0.0,
    0.0
  ],
  "exploration_success": 0.6397105520591078,
  "boundary_unknown_ratio": 0.36028944794089224,
  "exploration_all_time": 213.00588655471802,
  "timestamp": "20251111_102944"
}