{
  "frontier_number": [
    33,
    2,
    8,
    4,
    3,
    14,
    7,
    9,
    14,
    13,
    19,
    0,
    3
  ],
  "exploration_number": 11,
  "frontier_exploration_time_s": [
    0.20849132537841797,
    0.04857277870178223,
    0.11527252197265625,
    0.10736799240112305,
    0.06365370750427246,
    0.20963239669799805,
    0.231797456741333,
    0.17080473899841309,
    0.21722936630249023,
    0.25774359703063965,
    0.3186819553375244,
    0.04787278175354004,
    0.13676762580871582
  ],
  "path_length_cells": [
    55,
    53,
    61,
    55,
    52,
    52,
    57,
    55,
    52,
    59,
    58,
    0
  ],
  "path_length_m": [
    5.5,
    5.300000000000001,
    6.1000000000000005,
    5.5,
    5.2,
    5.2,
    5.7,
    5.5,
    5.2,
    5.9,
    5.800000000000001,
    0.0
  ],
  "exploration_success": 0.9996681497058731,
  "boundary_unknown_ratio": 0.0003318502941268307,
  "exploration_all_time": 387.30538606643677,
  "timestamp": "20251111_102517"
}