{
  "frontier_number": [
    33,
    5,
    15,
    1,
    12,
    5,
    22,
    7,
    15,
    11,
    13,
    4,
    1,
    1
  ],
  "exploration_number": 11,
  "frontier_exploration_time_s": [
    0.14737868309020996,
    0.03507494926452637,
    0.05168771743774414,
    0.030681371688842773,
    0.04220914840698242,
    0.03415703773498535,
    0.10144662857055664,
    0.04220318794250488,
    0.0562891960144043,
    0.05876564979553223,
    0.05325746536254883,
    0.035347700119018555,
    0.03315305709838867,
    0.02966761589050293
  ],
  "path_length_cells": [
    55,
    54,
    54,
    52,
    58,
    53,
    59,
    58,
    59,
    56,
    61,
    0,
    0,
    0
  ],
  "path_length_m": [
    5.5,
    5.4,
    5.4,
    5.2,
    5.800000000000001,
    5.300000000000001,
    5.9,
    5.800000000000001,
    5.9,
    5.6000000000000005,
    6.1000000000000005,
    0.0,
    0.0,
    0.0
  ],
  "exploration_success": 0.9996078860564717,
  "boundary_unknown_ratio": 0.0003921139435283442,
  "exploration_all_time": 395.9016604423523,
  "timestamp": "20251110_211034"
}