{
  "frontier_number": [
    33,
    1,
    7,
    8,
    2,
    21,
    14,
    6,
    17,
    7,
    13,
    3,
    0,
    0
  ],
  "exploration_number": 11,
  "frontier_exploration_time_s": [
    0.143524169921875,
    0.037578582763671875,
    0.04310131072998047,
    0.037558794021606445,
    0.0305483341217041,
    0.06313490867614746,
    0.05958390235900879,
    0.04564189910888672,
    0.07619190216064453,
    0.041092872619628906,
    0.07367944717407227,
    0.03711056709289551,
    0.027398347854614258,
    0.027077198028564453
  ],
  "path_length_cells": [
    55,
    54,
    66,
    59,
    58,
    54,
    57,
    55,
    60,
    51,
    57,
    0
  ],
  "path_length_m": [
    5.5,
    5.4,
    6.6000000000000005,
    5.9,
    5.800000000000001,
    5.4,
    5.7,
    5.5,
    6.0,
    5.1000000000000005,
    5.7,
    0.0
  ],
  "exploration_success": 0.585348178795928,
  "boundary_unknown_ratio": 0.4146518212040719,
  "exploration_all_time": 377.83763551712036,
  "timestamp": "20251110_212125"
}