{
  "frontier_number": [
    12,
    26,
    35,
    14,
    4,
    7,
    2,
    16,
    26,
    33,
    24,
    1,
    1,
    0,
    2,
    2
  ],
  "exploration_number": 13,
  "frontier_exploration_time_s": [
    0.0687096118927002,
    0.07712459564208984,
    0.1378786563873291,
    0.06309771537780762,
    0.03352618217468262,
    0.03661918640136719,
    0.02861499786376953,
    0.08533596992492676,
    0.09796857833862305,
    0.13731932640075684,
    0.07808494567871094,
    0.03697013854980469,
    0.02581644058227539,
    0.023353099822998047,
    0.025946378707885742,
    0.026980876922607422
  ],
  "path_length_cells": [
    68,
    54,
    65,
    55,
    54,
    54,
    52,
    58,
    54,
    54,
    54,
    53,
    52,
    0,
    0
  ],
  "path_length_m": [
    6.800000000000001,
    5.4,
    6.5,
    5.5,
    5.4,
    5.4,
    5.2,
    5.800000000000001,
    5.4,
    5.4,
    5.4,
    5.300000000000001,
    5.2,
    0.0,
    0.0
  ],
  "exploration_success": 0.7647203735599758,
  "boundary_unknown_ratio": 0.23527962644002418,
  "exploration_all_time": 395.014306306839,
  "timestamp": "20251110_233803"
}