{
  "frontier_number": [
    33,
    2,
    7,
    1,
    23,
    5,
    16,
    10,
    21,
    2,
    2,
    1,
    0,
    0,
    0
  ],
  "exploration_number": 12,
  "frontier_exploration_time_s": [
    0.2511119842529297,
    0.032302141189575195,
    0.113189697265625,
    0.04339337348937988,
    0.2123110294342041,
    0.1772317886352539,
    0.1845710277557373,
    0.20623540878295898,
    0.29163026809692383,
    0.12274336814880371,
    0.13108348846435547,
    0.06657695770263672,
    0.04944014549255371,
    0.023658037185668945,
    0.04555821418762207
  ],
  "path_length_cells": [
    55,
    54,
    53,
    55,
    54,
    54,
    57,
    53,
    59,
    55,
    52,
    54
  ],
  "path_length_m": [
    5.5,
    5.4,
    5.300000000000001,
    5.5,
    5.4,
    5.4,
    5.7,
    5.300000000000001,
    5.9,
    5.5,
    5.2,
    5.4
  ],
  "exploration_success": 0.9998585616289128,
  "boundary_unknown_ratio": 0.0001414383710871396,
  "exploration_all_time": 405.56128692626953,
  "timestamp": "20251111_134114"
}