{
  "frontier_number": [
    33,
    4,
    5,
    1,
    23,
    6,
    14,
    20,
    8,
    0,
    0,
    0
  ],
  "exploration_number": 9,
  "frontier_exploration_time_s": [
    0.20518779754638672,
    0.09235620498657227,
    0.12455463409423828,
    0.05379676818847656,
    0.2424309253692627,
    0.20667457580566406,
    0.201005220413208,
    0.3039591312408447,
    0.2479257583618164,
    0.030196428298950195,
    0.030099153518676758,
    0.030045509338378906
  ],
  "path_length_cells": [
    55,
    54,
    53,
    56,
    53,
    54,
    57,
    58,
    53
  ],
  "path_length_m": [
    5.5,
    5.4,
    5.300000000000001,
    5.6000000000000005,
    5.300000000000001,
    5.4,
    5.7,
    5.800000000000001,
    5.300000000000001
  ],
  "exploration_success": 0.9997996743460543,
  "boundary_unknown_ratio": 0.00020032565394563118,
  "exploration_all_time": 341.18014883995056,
  "timestamp": "20251111_113447"
}