{
  "frontier_number": [
    33,
    4,
    5,
    2,
    23,
    5,
    12,
    9,
    20,
    4,
    3,
    3
  ],
  "exploration_number": 9,
  "frontier_exploration_time_s": [
    0.27643322944641113,
    0.12020707130432129,
    0.12860822677612305,
    0.04861903190612793,
    0.24891281127929688,
    0.15767550468444824,
    0.15267133712768555,
    0.19457507133483887,
    0.2196669578552246,
    0.1943645477294922,
    0.159071683883667,
    0.1605358123779297
  ],
  "path_length_cells": [
    55,
    53,
    53,
    54,
    61,
    54,
    57,
    52,
    52,
    0,
    0,
    0
  ],
  "path_length_m": [
    5.5,
    5.300000000000001,
    5.300000000000001,
    5.4,
    6.1000000000000005,
    5.4,
    5.7,
    5.2,
    5.2,
    0.0,
    0.0,
    0.0
  ],
  "exploration_success": 0.9933639550515908,
  "boundary_unknown_ratio": 0.006636044948409164,
  "exploration_all_time": 346.528760433197,
  "timestamp": "20251111_134739"
}