{
  "frontier_number": [
    33,
    4,
    9,
    4,
    15,
    4,
    10,
    15,
    31,
    5,
    2,
    0,
    0
  ],
  "exploration_number": 10,
  "frontier_exploration_time_s": [
    0.1840076446533203,
    0.10140323638916016,
    0.16795897483825684,
    0.08314752578735352,
    0.13699126243591309,
    0.10876250267028809,
    0.2297685146331787,
    0.22010326385498047,
    0.2888760566711426,
    0.3065788745880127,
    0.16231083869934082,
    0.03204655647277832,
    0.031579017639160156
  ],
  "path_length_cells": [
    55,
    53,
    52,
    55,
    60,
    54,
    56,
    53,
    59,
    57,
    0
  ],
  "path_length_m": [
    5.5,
    5.300000000000001,
    5.2,
    5.5,
    6.0,
    5.4,
    5.6000000000000005,
    5.300000000000001,
    5.9,
    5.7,
    0.0
  ],
  "exploration_success": 0.999909462972851,
  "boundary_unknown_ratio": 9.053702714898902e-05,
  "exploration_all_time": 346.382563829422,
  "timestamp": "20251111_133218"
}