{
  "frontier_number": [
    81,
    22,
    5,
    52,
    20,
    11,
    22,
    10,
    14,
    7,
    42,
    8,
    11,
    42,
    29
  ],
  "exploration_number": 13,
  "frontier_exploration_time_s": [
    0.24513864517211914,
    0.35077357292175293,
    0.4991135597229004,
    0.6354262828826904,
    0.7753918170928955,
    0.871917724609375,
    0.9223566055297852,
    1.0754585266113281,
    1.5132331848144531,
    1.358490228652954,
    1.5144004821777344,
    1.5413904190063477,
    1.7395410537719727,
    1.7151024341583252,
    1.586404800415039
  ],
  "path_length_cells": [
    54,
    55,
    54,
    54,
    58,
    53,
    52,
    57,
    54,
    55,
    53,
    53,
    58,
    0,
    0
  ],
  "path_length_m": [
    5.4,
    5.5,
    5.4,
    5.4,
    5.800000000000001,
    5.300000000000001,
    5.2,
    5.7,
    5.4,
    5.5,
    5.300000000000001,
    5.300000000000001,
    5.800000000000001,
    0.0,
    0.0
  ],
  "exploration_success": 0.999840289873879,
  "boundary_unknown_ratio": 0.00015971012612109022,
  "exploration_all_time": 411.1891007423401,
  "timestamp": "20251110_170507"
}