{
  "frontier_number": [
    33,
    4,
    11,
    5,
    22,
    11,
    18,
    19,
    38,
    0,
    0
  ],
  "exploration_number": 9,
  "frontier_exploration_time_s": [
    0.12501955032348633,
    0.017615795135498047,
    0.04663538932800293,
    0.024301767349243164,
    0.09368252754211426,
    0.05397963523864746,
    0.08842849731445312,
    0.1576976776123047,
    0.24336552619934082,
    0.02454209327697754,
    0.03004908561706543
  ],
  "path_length_cells": [
    55,
    54,
    53,
    54,
    52,
    53,
    58,
    56,
    58
  ],
  "path_length_m": [
    5.5,
    5.4,
    5.300000000000001,
    5.4,
    5.2,
    5.300000000000001,
    5.800000000000001,
    5.6000000000000005,
    5.800000000000001
  ],
  "exploration_success": 0.9998618680732744,
  "boundary_unknown_ratio": 0.00013813192672566498,
  "exploration_all_time": 306.1662743091583,
  "timestamp": "20251110_224748"
}