{
  "frontier_number": [
    33,
    5,
    6,
    3,
    23,
    9,
    19,
    21,
    19,
    2,
    1,
    1
  ],
  "exploration_number": 9,
  "frontier_exploration_time_s": [
    0.18288779258728027,
    0.03352212905883789,
    0.039171695709228516,
    0.033072471618652344,
    0.07706141471862793,
    0.04884600639343262,
    0.0887606143951416,
    0.08634614944458008,
    0.07125258445739746,
    0.028800249099731445,
    0.028279781341552734,
    0.026747941970825195
  ],
  "path_length_cells": [
    55,
    54,
    53,
    56,
    63,
    54,
    57,
    52,
    53,
    0,
    0,
    0
  ],
  "path_length_m": [
    5.5,
    5.4,
    5.300000000000001,
    5.6000000000000005,
    6.300000000000001,
    5.4,
    5.7,
    5.2,
    5.300000000000001,
    0.0,
    0.0,
    0.0
  ],
  "exploration_success": 0.9997917400687828,
  "boundary_unknown_ratio": 0.00020825993121716517,
  "exploration_all_time": 316.4358310699463,
  "timestamp": "20251110_225639"
}