{
  "frontier_number": [
    12,
    13,
    27,
    20,
    3,
    22,
    41,
    32,
    27,
    13,
    9,
    13,
    3,
    2,
    0,
    0,
    0
  ],
  "exploration_number": 14,
  "frontier_exploration_time_s": [
    0.07571840286254883,
    0.10335707664489746,
    0.0934147834777832,
    0.08119535446166992,
    0.030155181884765625,
    0.0898447036743164,
    0.15636324882507324,
    0.15285992622375488,
    0.11892247200012207,
    0.07852935791015625,
    0.04448056221008301,
    0.07326221466064453,
    0.03183293342590332,
    0.037993669509887695,
    0.03924870491027832,
    0.029498577117919922,
    0.03352618217468262
  ],
  "path_length_cells": [
    68,
    56,
    63,
    60,
    52,
    54,
    62,
    65,
    53,
    54,
    53,
    52,
    53,
    52
  ],
  "path_length_m": [
    6.800000000000001,
    5.6000000000000005,
    6.300000000000001,
    6.0,
    5.2,
    5.4,
    6.2,
    6.5,
    5.300000000000001,
    5.4,
    5.300000000000001,
    5.2,
    5.300000000000001,
    5.2
  ],
  "exploration_success": 0.9998226307791314,
  "boundary_unknown_ratio": 0.00017736922086863892,
  "exploration_all_time": 499.15572929382324,
  "timestamp": "20251110_235404"
}