{
  "frontier_number": [
    12,
    19,
    30,
    11,
    3,
    1,
    28,
    25,
    33,
    28,
    3,
    1,
    1
  ],
  "exploration_number": 11,
  "frontier_exploration_time_s": [
    0.05672335624694824,
    0.09505081176757812,
    0.09375333786010742,
    0.05121755599975586,
    0.022371530532836914,
    0.031293630599975586,
    0.11276817321777344,
    0.1390986442565918,
    0.1222233772277832,
    0.11887502670288086,
    0.029744863510131836,
    0.026285886764526367,
    0.03547358512878418
  ],
  "path_length_cells": [
    68,
    56,
    62,
    57,
    53,
    52,
    56,
    51,
    57,
    55,
    55,
    0,
    0
  ],
  "path_length_m": [
    6.800000000000001,
    5.6000000000000005,
    6.2,
    5.7,
    5.300000000000001,
    5.2,
    5.6000000000000005,
    5.1000000000000005,
    5.7,
    5.5,
    5.5,
    0.0,
    0.0
  ],
  "exploration_success": 0.7677583341561218,
  "boundary_unknown_ratio": 0.23224166584387818,
  "exploration_all_time": 372.738440990448,
  "timestamp": "20251110_232333"
}